{
    "0": {
        "wins": 4,
        "games_played": 7,
        "ppt": 6.920000000000003,
        "total_turns": 25
    },
    "1": {
        "wins": 89,
        "games_played": 116,
        "ppt": 6.28582,
        "total_turns": 126
    },
    "2": {
        "wins": 2,
        "games_played": 3,
        "ppt": 7.285714285714286,
        "total_turns": 14
    },
    "3": {
        "wins": 10,
        "games_played": 10,
        "ppt": 10.454545454545455,
        "total_turns": 11
    },
    "4": {
        "wins": 0,
        "games_played": 0,
        "ppt": 10.0,
        "total_turns": 1
    }
}